{
  "S1": [
    0.7279994977817009,
    0.011602134727773035,
    -0.0002653533942285603,
    0.00030821417892582285,
    0.00019416835889960387,
    0.10620260153987414,
    0.011753010837921492
  ],
  "S1_conf": [
    0.10774089630881847,
    0.01244365514737722,
    0.0065474696552361225,
    0.0011932441919447034,
    0.00043575024744795795,
    0.06507096946044628,
    0.015580582964965096
  ],
  "ST": [
    0.877517641030693,
    0.01205708918526187,
    0.0020189829682636154,
    0.00014175283263710055,
    2.464491018135064e-05,
    0.2790498830376327,
    0.01166433263887669
  ],
  "ST_conf": [
    0.1414901676033763,
    0.005311967461040653,
    0.0010663465911725503,
    0.00011748432180664755,
    2.042679722982279e-05,
    0.050694036923954716,
    0.005276284811746942
  ],
  "S2": [
    [
      NaN,
      -0.014745592875865061,
      -0.0059868824252632975,
      -0.005690774993771495,
      -0.006298726721413383,
      0.15704175372570484,
      -0.004263422666115154
    ],
    [
      NaN,
      NaN,
      -0.012228620722084032,
      -0.012954526595248072,
      -0.01291091218020312,
      -0.009728058293739836,
      -0.0129143468607521
    ],
    [
      NaN,
      NaN,
      NaN,
      0.0022122420952790764,
      0.002226330860506441,
      0.003919006298261737,
      0.0016681227843261658
    ],
    [
      NaN,
      NaN,
      NaN,
      NaN,
      1.920154266494737e-05,
      -0.0013809561499179973,
      -9.326255120375299e-05
    ],
    [
      NaN,
      NaN,
      NaN,
      NaN,
      NaN,
      -0.00022709423771910542,
      -0.00024923201453922426
    ],
    [
      NaN,
      NaN,
      NaN,
      NaN,
      NaN,
      NaN,
      0.023127840765629945
    ],
    [
      NaN,
      NaN,
      NaN,
      NaN,
      NaN,
      NaN,
      NaN
    ]
  ],
  "S2_conf": [
    [
      NaN,
      0.13226981526613818,
      0.13271415409877735,
      0.13366517810465653,
      0.13367853320821999,
      0.15607091060099848,
      0.13502326449619814
    ],
    [
      NaN,
      NaN,
      0.018163275100730094,
      0.01845539748832985,
      0.018496131317484676,
      0.025944450568395717,
      0.018685663159152748
    ],
    [
      NaN,
      NaN,
      NaN,
      0.007008885146379258,
      0.007003941767613333,
      0.0093332122157667,
      0.0071809087996666816
    ],
    [
      NaN,
      NaN,
      NaN,
      NaN,
      0.0019610891894221057,
      0.003528339315322804,
      0.001884093898635032
    ],
    [
      NaN,
      NaN,
      NaN,
      NaN,
      NaN,
      0.0009532996253720235,
      0.0008959247198086042
    ],
    [
      NaN,
      NaN,
      NaN,
      NaN,
      NaN,
      NaN,
      0.11640702380816094
    ],
    [
      NaN,
      NaN,
      NaN,
      NaN,
      NaN,
      NaN,
      NaN
    ]
  ]
}