{
  "S1": [
    0.35907398440515387,
    0.12433667993829876,
    0.6055718783284931,
    0.2510081126245562,
    0.5813715777747825,
    0.32912015286314383,
    0.37786595953633567
  ],
  "S1_conf": [
    0.09563929504767946,
    0.1129898098933723,
    0.11334968734742572,
    0.10842131927274483,
    0.1456639246614844,
    0.13453464994613804,
    0.156643596388645
  ],
  "ST": [
    0.38979193683362595,
    0.4920920228544018,
    0.7375797788761298,
    0.49684313681583286,
    0.8836251907420676,
    0.7638723592468744,
    0.9612996782487575
  ],
  "ST_conf": [
    0.08243329074834851,
    0.09939460908417798,
    0.13482806504510633,
    0.1127676883831498,
    0.14963873990910956,
    0.12242034534776203,
    0.1459516840248083
  ],
  "S2": [
    [
      NaN,
      0.3455429934471413,
      -0.1078818603214931,
      0.35574091483525067,
      0.04106947736586819,
      0.3977654368875338,
      0.3333912935403564
    ],
    [
      NaN,
      NaN,
      -0.24138318570459033,
      0.2348300914371067,
      -0.09838713134130139,
      0.45757300540781304,
      0.6354039700422089
    ],
    [
      NaN,
      NaN,
      NaN,
      -0.05119899368953856,
      -0.40091229652224425,
      0.18073670397589509,
      0.13128642259588424
    ],
    [
      NaN,
      NaN,
      NaN,
      NaN,
      -0.5191805162403655,
      0.039079243468739366,
      0.013093445428035033
    ],
    [
      NaN,
      NaN,
      NaN,
      NaN,
      NaN,
      -0.08585961581418905,
      -0.11091056914515102
    ],
    [
      NaN,
      NaN,
      NaN,
      NaN,
      NaN,
      NaN,
      -0.2203196032603002
    ],
    [
      NaN,
      NaN,
      NaN,
      NaN,
      NaN,
      NaN,
      NaN
    ]
  ],
  "S2_conf": [
    [
      NaN,
      0.17993231168523724,
      0.19706262220488624,
      0.16037731378567757,
      0.1909588942612508,
      0.19890915835442696,
      0.1791206045710254
    ],
    [
      NaN,
      NaN,
      0.2001546746832956,
      0.20032375614077158,
      0.23125652271500627,
      0.23202357336682308,
      0.19507286353016018
    ],
    [
      NaN,
      NaN,
      NaN,
      0.1696477263729218,
      0.18997719561061727,
      0.22418663705617523,
      0.20527341687238307
    ],
    [
      NaN,
      NaN,
      NaN,
      NaN,
      0.20467953419872978,
      0.20313824681354425,
      0.2112364864327239
    ],
    [
      NaN,
      NaN,
      NaN,
      NaN,
      NaN,
      0.18813665084720504,
      0.2522063003449485
    ],
    [
      NaN,
      NaN,
      NaN,
      NaN,
      NaN,
      NaN,
      0.22861846599072747
    ],
    [
      NaN,
      NaN,
      NaN,
      NaN,
      NaN,
      NaN,
      NaN
    ]
  ]
}