{
  "S1": [
    0.7979714370248395,
    -0.004305712953254513,
    0.0011655689863137872,
    2.5097328548476782e-05,
    -0.00011609709107470696,
    0.07436186966128903,
    0.004953250352825981
  ],
  "S1_conf": [
    0.0707042440898236,
    0.007994739258383511,
    0.004302144610142717,
    0.0008614795125177195,
    0.0003833923709007606,
    0.042682078256318895,
    0.010146473388931529
  ],
  "ST": [
    0.9056635827895062,
    0.00860484663345241,
    0.0023186423422972024,
    0.00010704291743083781,
    2.3139508812824488e-05,
    0.18073147408503057,
    0.010763947270406131
  ],
  "ST_conf": [
    0.09800570766222332,
    0.0023540555297447774,
    0.0006365303511491785,
    5.124856075702952e-05,
    8.438606130565544e-06,
    0.023677973456163137,
    0.0033493522145884185
  ],
  "S2": [
    [
      NaN,
      0.014605920086696776,
      0.004546941326738079,
      0.006493253721353695,
      0.006853911316464256,
      0.1053568128676839,
      0.009288516116269937
    ],
    [
      NaN,
      NaN,
      0.008587447400399028,
      0.00852184664245229,
      0.008507681706468477,
      0.00548485243158113,
      0.008245689911124312
    ],
    [
      NaN,
      NaN,
      NaN,
      0.0003240506629785284,
      0.0003146101359756094,
      -0.0010584759695237977,
      0.0003758848216011655
    ],
    [
      NaN,
      NaN,
      NaN,
      NaN,
      -0.00011907613543685724,
      -0.0004920137488607645,
      -9.00349817067837e-05
    ],
    [
      NaN,
      NaN,
      NaN,
      NaN,
      NaN,
      -0.0001592477148466831,
      -5.4259306378848585e-05
    ],
    [
      NaN,
      NaN,
      NaN,
      NaN,
      NaN,
      NaN,
      0.005617705550921325
    ],
    [
      NaN,
      NaN,
      NaN,
      NaN,
      NaN,
      NaN,
      NaN
    ]
  ],
  "S2_conf": [
    [
      NaN,
      0.07680628096796174,
      0.07501328080167861,
      0.07580087012164478,
      0.07603787849868918,
      0.09675857586985126,
      0.07528157306369489
    ],
    [
      NaN,
      NaN,
      0.015041565988430622,
      0.01509541936139763,
      0.015073578215148663,
      0.016438231344945636,
      0.015265147725086787
    ],
    [
      NaN,
      NaN,
      NaN,
      0.005958405998508634,
      0.005957724649429217,
      0.00632016246228418,
      0.006093818740048343
    ],
    [
      NaN,
      NaN,
      NaN,
      NaN,
      0.0018689688599321061,
      0.002724696400448205,
      0.001864441051469635
    ],
    [
      NaN,
      NaN,
      NaN,
      NaN,
      NaN,
      0.000980006082731646,
      0.0007493717222497122
    ],
    [
      NaN,
      NaN,
      NaN,
      NaN,
      NaN,
      NaN,
      0.07351087406875184
    ],
    [
      NaN,
      NaN,
      NaN,
      NaN,
      NaN,
      NaN,
      NaN
    ]
  ]
}