{
  "S1": [
    0.2837510982098393,
    0.044764064738744225,
    0.5591007049365597,
    0.2267402296825999,
    0.5054348373762891,
    0.1923839977462294,
    0.3129332831256233
  ],
  "S1_conf": [
    0.07057363840476855,
    0.09275552985405501,
    0.08492009180640755,
    0.08124943423392,
    0.09645156303359688,
    0.110120643189119,
    0.1147480347551631
  ],
  "ST": [
    0.36803965854898185,
    0.5308156987279836,
    0.7951518612607171,
    0.5410010592722442,
    0.8963900841899772,
    0.7975460778706845,
    1.0124164368095727
  ],
  "ST_conf": [
    0.052397520125818935,
    0.07107451091267633,
    0.09588816998665739,
    0.07012278850509833,
    0.08716319075516397,
    0.09146773595290515,
    0.10284812833772197
  ],
  "S2": [
    [
      NaN,
      0.45026364607018543,
      -0.05435472749800163,
      0.32575312781770316,
      0.09988163264873928,
      0.5658021113660376,
      0.43697028615654454
    ],
    [
      NaN,
      NaN,
      -0.10938351841990379,
      0.2783249240484583,
      0.021714115211582508,
      0.7072496776615418,
      0.7965215129199354
    ],
    [
      NaN,
      NaN,
      NaN,
      -0.07651461464436185,
      -0.4044114511014396,
      0.32689049570741524,
      0.1846085734228362
    ],
    [
      NaN,
      NaN,
      NaN,
      NaN,
      -0.5386330524511962,
      0.14946539151654922,
      0.036216220235712915
    ],
    [
      NaN,
      NaN,
      NaN,
      NaN,
      NaN,
      0.07794168144781297,
      -0.042533933454541484
    ],
    [
      NaN,
      NaN,
      NaN,
      NaN,
      NaN,
      NaN,
      -0.015998766736606163
    ],
    [
      NaN,
      NaN,
      NaN,
      NaN,
      NaN,
      NaN,
      NaN
    ]
  ],
  "S2_conf": [
    [
      NaN,
      0.15053935344475713,
      0.15460358866099183,
      0.11864862131088692,
      0.1470592709934896,
      0.1642452373987738,
      0.14453155053580793
    ],
    [
      NaN,
      NaN,
      0.18258498282130883,
      0.17826243541846767,
      0.1974965988641544,
      0.20892343426608945,
      0.18037744654494978
    ],
    [
      NaN,
      NaN,
      NaN,
      0.14991323642870039,
      0.15999999489305167,
      0.17742553820499066,
      0.1546514009840365
    ],
    [
      NaN,
      NaN,
      NaN,
      NaN,
      0.14244099682718023,
      0.17036553189795942,
      0.14479082067025031
    ],
    [
      NaN,
      NaN,
      NaN,
      NaN,
      NaN,
      0.18051424900310598,
      0.17384423316361788
    ],
    [
      NaN,
      NaN,
      NaN,
      NaN,
      NaN,
      NaN,
      0.18499514032427994
    ],
    [
      NaN,
      NaN,
      NaN,
      NaN,
      NaN,
      NaN,
      NaN
    ]
  ]
}