{
  "S1": [
    0.34991263104463244,
    0.1308735570519655,
    0.6029423865133677,
    0.24214398144450813,
    0.6123080470660291,
    0.3303168517275232,
    0.39658525454946286
  ],
  "S1_conf": [
    0.12887888401192285,
    0.1617887388475056,
    0.1575934335112159,
    0.15160214209457284,
    0.17317370559775502,
    0.18791539229119247,
    0.19089284713847232
  ],
  "ST": [
    0.3965918758001745,
    0.5033038775648783,
    0.7217951071918635,
    0.5186944195424082,
    0.8805512387068332,
    0.7673290177142174,
    0.9645239184571343
  ],
  "ST_conf": [
    0.1260833284482763,
    0.1663207110886854,
    0.1920436546460787,
    0.15026832709000584,
    0.1783617561002042,
    0.16928251414065212,
    0.18898999486885595
  ],
  "S2": [
    [
      NaN,
      0.3422280296968856,
      -0.08371504525445184,
      0.3890274562980083,
      0.025421839212647512,
      0.408929910756143,
      0.33623687815722786
    ],
    [
      NaN,
      NaN,
      -0.24814800598013165,
      0.2475352270952391,
      -0.13104745588142552,
      0.46741459483795395,
      0.597007295941546
    ],
    [
      NaN,
      NaN,
      NaN,
      -0.03918370943655017,
      -0.4345357803774468,
      0.18287534337402483,
      0.10489496620315203
    ],
    [
      NaN,
      NaN,
      NaN,
      NaN,
      -0.5336590573957463,
      0.03989469179510435,
      0.0005389902272074365
    ],
    [
      NaN,
      NaN,
      NaN,
      NaN,
      NaN,
      -0.11049891482251001,
      -0.16054150634639036
    ],
    [
      NaN,
      NaN,
      NaN,
      NaN,
      NaN,
      NaN,
      -0.22185432662100646
    ],
    [
      NaN,
      NaN,
      NaN,
      NaN,
      NaN,
      NaN,
      NaN
    ]
  ],
  "S2_conf": [
    [
      NaN,
      0.2642466839672344,
      0.28501625443617173,
      0.27055604281397816,
      0.2535669822420313,
      0.2920516624405616,
      0.2662472781511935
    ],
    [
      NaN,
      NaN,
      0.2799244720515717,
      0.3308366103212459,
      0.31434647204804794,
      0.3647014982079747,
      0.28213143333193347
    ],
    [
      NaN,
      NaN,
      NaN,
      0.275040957920995,
      0.2782906027184909,
      0.31916156630529313,
      0.2930516619968066
    ],
    [
      NaN,
      NaN,
      NaN,
      NaN,
      0.260723105215984,
      0.32056659936659776,
      0.2990118485686163
    ],
    [
      NaN,
      NaN,
      NaN,
      NaN,
      NaN,
      0.23453548657398432,
      0.3058717655461445
    ],
    [
      NaN,
      NaN,
      NaN,
      NaN,
      NaN,
      NaN,
      0.3149313179650504
    ],
    [
      NaN,
      NaN,
      NaN,
      NaN,
      NaN,
      NaN,
      NaN
    ]
  ]
}