{
  "S1": [
    0.3540567127175346,
    0.1240093799546753,
    0.6018551093186201,
    0.2445451283895087,
    0.5845486526228572,
    0.32126241906375413,
    0.38569398292907037
  ],
  "S1_conf": [
    0.05875968584735794,
    0.07696046921969871,
    0.07554694314427134,
    0.0712209196337749,
    0.09542140085495988,
    0.09053190636054861,
    0.10436752367998803
  ],
  "ST": [
    0.39331183678936255,
    0.48868903137812547,
    0.7332600709663122,
    0.5027961821846572,
    0.8871066415194189,
    0.7588680271402531,
    0.9566680951731261
  ],
  "ST_conf": [
    0.05167310127383772,
    0.06909506071217374,
    0.0962687762058392,
    0.0661802428644881,
    0.08224396244445863,
    0.08457142592542935,
    0.09026209442222144
  ],
  "S2": [
    [
      NaN,
      0.346662398536557,
      -0.09296561137866999,
      0.3709237433109883,
      0.049513683725830426,
      0.4111183750321708,
      0.3356835276792684
    ],
    [
      NaN,
      NaN,
      -0.23371734282266388,
      0.2423809511776278,
      -0.09432845316763405,
      0.4640917096632053,
      0.6263742799380985
    ],
    [
      NaN,
      NaN,
      NaN,
      -0.04347572625804674,
      -0.40196209422157747,
      0.18757897296074605,
      0.12384844908729237
    ],
    [
      NaN,
      NaN,
      NaN,
      NaN,
      -0.5167218876413312,
      0.047555230236485946,
      0.007344870425750327
    ],
    [
      NaN,
      NaN,
      NaN,
      NaN,
      NaN,
      -0.0870637835876244,
      -0.12440475370555998
    ],
    [
      NaN,
      NaN,
      NaN,
      NaN,
      NaN,
      NaN,
      -0.2182240146176201
    ],
    [
      NaN,
      NaN,
      NaN,
      NaN,
      NaN,
      NaN,
      NaN
    ]
  ],
  "S2_conf": [
    [
      NaN,
      0.11989042697862834,
      0.12454205051618575,
      0.11317666497259149,
      0.13194866148130155,
      0.12954331301146224,
      0.11789395196072089
    ],
    [
      NaN,
      NaN,
      0.15317398081093428,
      0.16937297890016204,
      0.16321055463112463,
      0.16029780112113381,
      0.13075288253670392
    ],
    [
      NaN,
      NaN,
      NaN,
      0.13319255821770737,
      0.14650161194798328,
      0.13873015772678132,
      0.13975644130093415
    ],
    [
      NaN,
      NaN,
      NaN,
      NaN,
      0.1324008018388798,
      0.1428306712310656,
      0.1350690161287827
    ],
    [
      NaN,
      NaN,
      NaN,
      NaN,
      NaN,
      0.13746803757226478,
      0.16736739637601247
    ],
    [
      NaN,
      NaN,
      NaN,
      NaN,
      NaN,
      NaN,
      0.14786146115546017
    ],
    [
      NaN,
      NaN,
      NaN,
      NaN,
      NaN,
      NaN,
      NaN
    ]
  ]
}